药品名称	通用名	申请号	提交类型	状态	审批日期	链接
ALFUZOSIN HYDROCHLORIDE	ALFUZOSIN HYDROCHLORIDE	ANDA079060	SUPPL	AP	2026-07-01	https://www.accessdata.fda.gov/scripts/cder/daf/index.cfm?event=DrugDetails.process&drugSeq=ANDA079060
Unknown	Unknown	NDA019625	SUPPL	AP	2026-07-06	https://www.accessdata.fda.gov/scripts/cder/daf/index.cfm?event=DrugDetails.process&drugSeq=NDA019625
Unknown	Unknown	ANDA212229	ORIG	AP	2026-07-01	https://www.accessdata.fda.gov/scripts/cder/daf/index.cfm?event=DrugDetails.process&drugSeq=ANDA212229
Unknown	Unknown	ANDA217896	ORIG	AP	2026-07-02	https://www.accessdata.fda.gov/scripts/cder/daf/index.cfm?event=DrugDetails.process&drugSeq=ANDA217896
Unknown	Unknown	NDA019796	SUPPL	AP	2026-07-06	https://www.accessdata.fda.gov/scripts/cder/daf/index.cfm?event=DrugDetails.process&drugSeq=NDA019796
ACYCLOVIR	ACYCLOVIR	ANDA212252	SUPPL	AP	2026-07-02	https://www.accessdata.fda.gov/scripts/cder/daf/index.cfm?event=DrugDetails.process&drugSeq=ANDA212252
Unknown	Unknown	ANDA220173	ORIG	AP	2026-07-07	https://www.accessdata.fda.gov/scripts/cder/daf/index.cfm?event=DrugDetails.process&drugSeq=ANDA220173
XELSTRYM	DEXTROAMPHETAMINE	NDA215401	SUPPL	AP	2026-07-10	https://www.accessdata.fda.gov/scripts/cder/daf/index.cfm?event=DrugDetails.process&drugSeq=NDA215401
Unknown	Unknown	ANDA217934	ORIG	AP	2026-07-01	https://www.accessdata.fda.gov/scripts/cder/daf/index.cfm?event=DrugDetails.process&drugSeq=ANDA217934
INBRIJA	LEVODOPA	NDA209184	SUPPL	AP	2026-07-07	https://www.accessdata.fda.gov/scripts/cder/daf/index.cfm?event=DrugDetails.process&drugSeq=NDA209184
Unknown	Unknown	ANDA212972	ORIG	AP	2026-07-01	https://www.accessdata.fda.gov/scripts/cder/daf/index.cfm?event=DrugDetails.process&drugSeq=ANDA212972
CAPECITABINE	CAPECITABINE	ANDA210203	SUPPL	AP	2026-07-01	https://www.accessdata.fda.gov/scripts/cder/daf/index.cfm?event=DrugDetails.process&drugSeq=ANDA210203
Unknown	Unknown	ANDA214565	ORIG	AP	2026-07-06	https://www.accessdata.fda.gov/scripts/cder/daf/index.cfm?event=DrugDetails.process&drugSeq=ANDA214565
AZELASTINE HYDROCHLORIDE AND FLUTICASONE PROPIONATE	AZELASTINE HYDROCHLORIDE AND FLUTICASONE PROPIONATE	ANDA207712	SUPPL	AP	2026-07-01	https://www.accessdata.fda.gov/scripts/cder/daf/index.cfm?event=DrugDetails.process&drugSeq=ANDA207712
METHYLERGONOVINE MALEATE	METHYLERGONOVINE MALEATE	ANDA211919	SUPPL	AP	2026-07-08	https://www.accessdata.fda.gov/scripts/cder/daf/index.cfm?event=DrugDetails.process&drugSeq=ANDA211919
ZYRTEC ALLERGY	CETIRIZINE HYDROCHLORIDE	NDA022578	SUPPL	AP	2026-07-02	https://www.accessdata.fda.gov/scripts/cder/daf/index.cfm?event=DrugDetails.process&drugSeq=NDA022578
NINTEDANIB	NINTEDANIB	ANDA218472	ORIG	AP	2026-07-09	https://www.accessdata.fda.gov/scripts/cder/daf/index.cfm?event=DrugDetails.process&drugSeq=ANDA218472
Unknown	Unknown	ANDA216740	ORIG	AP	2026-07-08	https://www.accessdata.fda.gov/scripts/cder/daf/index.cfm?event=DrugDetails.process&drugSeq=ANDA216740
Unknown	Unknown	ANDA076996	SUPPL	AP	2026-07-01	https://www.accessdata.fda.gov/scripts/cder/daf/index.cfm?event=DrugDetails.process&drugSeq=ANDA076996
ACYCLOVIR	ACYCLOVIR	ANDA216331	SUPPL	AP	2026-07-01	https://www.accessdata.fda.gov/scripts/cder/daf/index.cfm?event=DrugDetails.process&drugSeq=ANDA216331
OXCARBAZEPINE	OXCARBAZEPINE	ANDA216749	SUPPL	AP	2026-07-08	https://www.accessdata.fda.gov/scripts/cder/daf/index.cfm?event=DrugDetails.process&drugSeq=ANDA216749
KISQALI FEMARA CO-PACK	LETROZOLE AND RIBOCICLIB	NDA209935	SUPPL	AP	2026-07-01	https://www.accessdata.fda.gov/scripts/cder/daf/index.cfm?event=DrugDetails.process&drugSeq=NDA209935
FINASTERIDE	FINASTERIDE	ANDA076437	SUPPL	AP	2026-07-01	https://www.accessdata.fda.gov/scripts/cder/daf/index.cfm?event=DrugDetails.process&drugSeq=ANDA076437
ZYRTEC-D	CETIRIZINE HYDROCHLORIDE AND PSEUDOEPHEDRINE HYDROCHLORIDE	NDA021150	SUPPL	AP	2026-07-02	https://www.accessdata.fda.gov/scripts/cder/daf/index.cfm?event=DrugDetails.process&drugSeq=NDA021150
FINASTERIDE	FINASTERIDE	ANDA090121	SUPPL	AP	2026-07-02	https://www.accessdata.fda.gov/scripts/cder/daf/index.cfm?event=DrugDetails.process&drugSeq=ANDA090121
ACYCLOVIR	ACYCLOVIR	ANDA212718	SUPPL	AP	2026-07-01	https://www.accessdata.fda.gov/scripts/cder/daf/index.cfm?event=DrugDetails.process&drugSeq=ANDA212718
Unknown	Unknown	ANDA219670	ORIG	AP	2026-07-07	https://www.accessdata.fda.gov/scripts/cder/daf/index.cfm?event=DrugDetails.process&drugSeq=ANDA219670
Unknown	Unknown	NDA218579	ORIG	AP	2026-07-10	https://www.accessdata.fda.gov/scripts/cder/daf/index.cfm?event=DrugDetails.process&drugSeq=NDA218579
Unknown	Unknown	ANDA213892	ORIG	AP	2026-07-07	https://www.accessdata.fda.gov/scripts/cder/daf/index.cfm?event=DrugDetails.process&drugSeq=ANDA213892
TRANEXAMIC ACID	TRANEXAMIC ACID	ANDA206713	SUPPL	AP	2026-07-02	https://www.accessdata.fda.gov/scripts/cder/daf/index.cfm?event=DrugDetails.process&drugSeq=ANDA206713
ACETAZOLAMIDE	ACETAZOLAMIDE	ANDA040089	SUPPL	AP	2026-07-01	https://www.accessdata.fda.gov/scripts/cder/daf/index.cfm?event=DrugDetails.process&drugSeq=ANDA040089
SODIUM BICARBONATE	SODIUM BICARBONATE	NDA220790	ORIG	AP	2026-07-09	https://www.accessdata.fda.gov/scripts/cder/daf/index.cfm?event=DrugDetails.process&drugSeq=NDA220790
Unknown	Unknown	ANDA220874	ORIG	AP	2026-07-01	https://www.accessdata.fda.gov/scripts/cder/daf/index.cfm?event=DrugDetails.process&drugSeq=ANDA220874
TUXARIN	CODEINE PHOSPHATE AND CHLORPHENIRAMINE MALEATE	NDA206323	SUPPL	AP	2026-07-10	https://www.accessdata.fda.gov/scripts/cder/daf/index.cfm?event=DrugDetails.process&drugSeq=NDA206323
SPORANOX	ITRACONAZOLE	NDA020083	SUPPL	AP	2026-07-07	https://www.accessdata.fda.gov/scripts/cder/daf/index.cfm?event=DrugDetails.process&drugSeq=NDA020083
FINASTERIDE	FINASTERIDE	ANDA076511	SUPPL	AP	2026-07-02	https://www.accessdata.fda.gov/scripts/cder/daf/index.cfm?event=DrugDetails.process&drugSeq=ANDA076511
CAPECITABINE	CAPECITABINE	ANDA211724	SUPPL	AP	2026-07-01	https://www.accessdata.fda.gov/scripts/cder/daf/index.cfm?event=DrugDetails.process&drugSeq=ANDA211724
ACYCLOVIR	ACYCLOVIR	ANDA074738	SUPPL	AP	2026-07-01	https://www.accessdata.fda.gov/scripts/cder/daf/index.cfm?event=DrugDetails.process&drugSeq=ANDA074738
Unknown	Unknown	ANDA213951	SUPPL	AP	2026-07-01	https://www.accessdata.fda.gov/scripts/cder/daf/index.cfm?event=DrugDetails.process&drugSeq=ANDA213951
Unknown	Unknown	NDA020657	SUPPL	AP	2026-07-07	https://www.accessdata.fda.gov/scripts/cder/daf/index.cfm?event=DrugDetails.process&drugSeq=NDA020657
KEYTRUDA	PEMBROLIZUMAB	BLA125514	SUPPL	AP	2026-07-10	https://www.accessdata.fda.gov/scripts/cder/daf/index.cfm?event=DrugDetails.process&drugSeq=BLA125514
SARCLISA ESCENA	ISATUXIMAB-IRFC	BLA761445	ORIG	AP	2026-07-09	https://www.accessdata.fda.gov/scripts/cder/daf/index.cfm?event=DrugDetails.process&drugSeq=BLA761445
Unknown	Unknown	ANDA219820	ORIG	AP	2026-07-08	https://www.accessdata.fda.gov/scripts/cder/daf/index.cfm?event=DrugDetails.process&drugSeq=ANDA219820
Unknown	Unknown	ANDA078306	SUPPL	AP	2026-07-01	https://www.accessdata.fda.gov/scripts/cder/daf/index.cfm?event=DrugDetails.process&drugSeq=ANDA078306
RYALTRIS	OLOPATADINE HYDROCHLORIDE AND MOMETASONE FUROATE	NDA211746	SUPPL	AP	2026-07-07	https://www.accessdata.fda.gov/scripts/cder/daf/index.cfm?event=DrugDetails.process&drugSeq=NDA211746
KEYTRUDA QLEX	PEMBROLIZUMAB AND BERAHYALURONIDASE ALFA-PMPH	BLA761467	SUPPL	AP	2026-07-10	https://www.accessdata.fda.gov/scripts/cder/daf/index.cfm?event=DrugDetails.process&drugSeq=BLA761467
Unknown	Unknown	BLA761486	ORIG	AP	2026-07-07	https://www.accessdata.fda.gov/scripts/cder/daf/index.cfm?event=DrugDetails.process&drugSeq=BLA761486
Unknown	Unknown	NDA019543	SUPPL	AP	2026-07-06	https://www.accessdata.fda.gov/scripts/cder/daf/index.cfm?event=DrugDetails.process&drugSeq=NDA019543
LEVOTHYROXINE SODIUM	LEVOTHYROXINE SODIUM ANHYDROUS	NDA202231	SUPPL	AP	2026-07-06	https://www.accessdata.fda.gov/scripts/cder/daf/index.cfm?event=DrugDetails.process&drugSeq=NDA202231
ACYCLOVIR	ACYCLOVIR	ANDA215669	SUPPL	AP	2026-07-01	https://www.accessdata.fda.gov/scripts/cder/daf/index.cfm?event=DrugDetails.process&drugSeq=ANDA215669
